[
  {
    "id": 1,
    "title": "Private room in house",
    "description": "Described by Queenstown House & Garden magazine as having one of the best views we've ever seen' you will love relaxing in this newly built, architectural house sitting proudly on Queenstown Hill.",
    "price": 109,
    "img": "../assets/images/browse-pic-1.jpg"
  },
  {
    "id": 2,
    "title": "Private room in house",
    "description": "Described by Queenstown House & Garden magazine as having one of the best views we've ever seen' you will love relaxing in this newly built, architectural house sitting proudly on Queenstown Hill.",
    "price": 109,
    "img": "../assets/images/browse-pic-2.jpg"
  },
  {
    "id": 3,
    "title": "Private room in house",
    "description": "Described by Queenstown House & Garden magazine as having one of the best views we've ever seen' you will love relaxing in this newly built, architectural house sitting proudly on Queenstown Hill.",
    "price": 109,
    "img": "../assets/images/browse-pic-3.jpg"
  },
  {
    "id": 4,
    "title": "Private room in house",
    "description": "Described by Queenstown House & Garden magazine as having one of the best views we've ever seen' you will love relaxing in this newly built, architectural house sitting proudly on Queenstown Hill.",
    "price": 109,
    "img": "../assets/images/browse-pic-4.jpg"
  },
  {
    "id": 5,
    "title": "Private room in house",
    "description": "Described by Queenstown House & Garden magazine as having one of the best views we've ever seen' you will love relaxing in this newly built, architectural house sitting proudly on Queenstown Hill.",
    "price": 109,
    "img": "../assets/images/browse-pic-5.jpg"
  },
  {
    "id": 6,
    "title": "Private room in house",
    "description": "Described by Queenstown House & Garden magazine as having one of the best views we've ever seen' you will love relaxing in this newly built, architectural house sitting proudly on Queenstown Hill.",
    "price": 109,
    "img": "../assets/images/browse-pic-6.jpg"
  },
  {
    "id": 7,
    "title": "Private room in house",
    "description": "Described by Queenstown House & Garden magazine as having one of the best views we've ever seen' you will love relaxing in this newly built, architectural house sitting proudly on Queenstown Hill.",
    "price": 109,
    "img": "../assets/images/browse-pic-7.jpg"
  },
  {
    "id": 8,
    "title": "Private room in house",
    "description": "Described by Queenstown House & Garden magazine as having one of the best views we've ever seen' you will love relaxing in this newly built, architectural house sitting proudly on Queenstown Hill.",
    "price": 109,
    "img": "../assets/images/browse-pic-8.jpg"
  },
  {
    "id": 9,
    "title": "Private room in house",
    "description": "Described by Queenstown House & Garden magazine as having one of the best views we've ever seen' you will love relaxing in this newly built, architectural house sitting proudly on Queenstown Hill.",
    "price": 109,
    "img": "../assets/images/browse-pic-9.jpg"
  },
  {
    "id": 10,
    "title": "Private room in house",
    "description": "Described by Queenstown House & Garden magazine as having one of the best views we've ever seen' you will love relaxing in this newly built, architectural house sitting proudly on Queenstown Hill.",
    "price": 109,
    "img": "../assets/images/browse-pic-1.jpg"
  },
  {
    "id": 11,
    "title": "Private room in house",
    "description": "Described by Queenstown House & Garden magazine as having one of the best views we've ever seen' you will love relaxing in this newly built, architectural house sitting proudly on Queenstown Hill.",
    "price": 109,
    "img": "../assets/images/browse-pic-1.jpg"
  },
  {
    "id": 12,
    "title": "Private room in house",
    "description": "Described by Queenstown House & Garden magazine as having one of the best views we've ever seen' you will love relaxing in this newly built, architectural house sitting proudly on Queenstown Hill.",
    "price": 109,
    "img": "../assets/images/browse-pic-1.jpg"
  },
  {
    "id": 13,
    "title": "Private room in house",
    "description": "Described by Queenstown House & Garden magazine as having one of the best views we've ever seen' you will love relaxing in this newly built, architectural house sitting proudly on Queenstown Hill.",
    "price": 109,
    "img": "../assets/images/browse-pic-1.jpg"
  },
  {
    "id": 14,
    "title": "Private room in house",
    "description": "Described by Queenstown House & Garden magazine as having one of the best views we've ever seen' you will love relaxing in this newly built, architectural house sitting proudly on Queenstown Hill.",
    "price": 109,
    "img": "../assets/images/browse-pic-1.jpg"
  },
  {
    "id": 15,
    "title": "Private room in house",
    "description": "Described by Queenstown House & Garden magazine as having one of the best views we've ever seen' you will love relaxing in this newly built, architectural house sitting proudly on Queenstown Hill.",
    "price": 109,
    "img": "../assets/images/browse-pic-1.jpg"
  },
  {
    "id": 16,
    "title": "Private room in house",
    "description": "Described by Queenstown House & Garden magazine as having one of the best views we've ever seen' you will love relaxing in this newly built, architectural house sitting proudly on Queenstown Hill.",
    "price": 109,
    "img": "../assets/images/browse-pic-1.jpg"
  },
  {
    "id": 17,
    "title": "Private room in house",
    "description": "Described by Queenstown House & Garden magazine as having one of the best views we've ever seen' you will love relaxing in this newly built, architectural house sitting proudly on Queenstown Hill.",
    "price": 109,
    "img": "../assets/images/browse-pic-1.jpg"
  },
  {
    "id": 18,
    "title": "Private room in house",
    "description": "Described by Queenstown House & Garden magazine as having one of the best views we've ever seen' you will love relaxing in this newly built, architectural house sitting proudly on Queenstown Hill.",
    "price": 109,
    "img": "../assets/images/browse-pic-1.jpg"
  },
  {
    "id": 19,
    "title": "Private room in house",
    "description": "Described by Queenstown House & Garden magazine as having one of the best views we've ever seen' you will love relaxing in this newly built, architectural house sitting proudly on Queenstown Hill.",
    "price": 109,
    "img": "../assets/images/browse-pic-1.jpg"
  }
]
